DENOM_CIA;CD_CVM
VBC ENERGIA SA;14540
UNIVERSO ONLINE SA;19887
521 PARTICIPACOES S.A. - EM LIQUIDAÇÃO EXTRAJUDICIAL;16330
UPTICK PARTICIPACOES S.A.;16624
EDITORA ABRIL S/A;19143
INEPAR ENERGIA SA;16730
VIVO PARTICIPAÇÕES SA;17710
TELE NORTE LESTE PARTICIPAÇÕES SA;17655
BRZ INVESTIMENTOS S/A;21415
RB CAPITAL SECURITIZADORA S.A.;19860
PRIVATINVEST PARTICIPAÇÕES SA;18635
COARI PARTICIPAÇÕES SA;19089
TELEFÓNICA, S.A.;80004
ONE PROPERTIES S.A.;20419
SAFRA COMPANHIA SECURITIZADORA DE CREDITOS IMOBILIARIOS;20400
FAE ADM. E PARTICIPAÇÕES SA;21660
ÁQUILLA SECURITIZADORA S.A.;21512
MCM CIMENTOS S/A;22284
PERENCO PETRÓLEO E GÁS DO BRASIL PARTICIPAÇÕES S.A.;22527
ISOLUX INFRASTRUCTURE S.A.;22624
PRONOR PETROQUIMICA SA;9784
ELEKEIROZ S.A.;4359
VALE FERTILIZANTES S.A.;14028
CAFE SOLUVEL BRASILIA SA;2062
PREDILETO ALIMENTOS SA;14010
TELEMAR NORTE LESTE SA;11320
DIXIE TOGA SA;14931
BANCO CRUZEIRO DO SUL SA;20753
CAMARGO CORREA CIMENTOS SA;19631
CECRISA REVESTIMENTOS CERAMICOS SA;15610
YARA BRASIL FERTILIZANTES;140
CIA RIOGRANDENSE DE SANEAMENTO;16748
FORPART S.A. - EM LIQUIDAÇÃO;14796
VALETRON SA;16225
TAM S.A.;16390
RET PARTICIPACOES S.A.;17337
ZAIN PARTICIPACOES S.A.;17361
FUTURETEL S.A. - EM LIQUIDAÇÃO;17388
RUMO MALHA PAULISTA S.A.;17930
TELE NORTE CELULAR PARTICIPAÇÕES SA;17604
NEWTEL PARTICIPACOES S.A.;17540
VICUNHA SIDERURGIA SA;18902
CEMIG TELECOMUNICAÇÕES S.A.;18716
GLOBAL BRASIL SA;19402
ITAUSEG PARTICIPAÇÕES SA;19933
AMPLA INVESTIMENTOS E SERVIÇOS S/A;20214
REP REAL ESTATE PARTNERS DESENV IMOB SA;21539
AGRENCO LIMITED;80080
CENTENNIAL ASSET PARTICIPAÇÕES SUDESTE S/A;21776
SAAG INVESTIMENTOS S.A.;22756
STEIN SP II PARTICIPAÇÕES S.A.;22292
QGN PARTICIPAÇÕES SA;9857
ALFA HOLDINGS S.A.;9954
RUMO MALHA NORTE S.A.;15300
SERGEN SERVS GERAIS DE ENG SA;10596
USINA COSTA PINTO SA ACUC ALC;12220
BROOKFIELD SÃO PAULO EMPREENDIMENTOS IMOBILIÁRIOS S.A.;19046
CONFAB INDUSTRIAL SA;4650
CAMARGO CORREA DESENVOLVIMENTO IMOBILIARIO SA;20486
MARISOL SA;8486
NEUMARKT TRADE AND FINANCIAL CENTER S/A;14613
DALETH PARTICIPAÇÕES SA - EM LIQUIDAÇÃO;16950
LF TEL SA;17442
MAORI SA;17779
COMPANHIA DE BEBIDAS DAS AMÉRICAS-AMBEV;18112
VICUNHA TEXTIL SA;5991
LAEP INVESTMENTS LTD;80098
OMEGA ENERGIA RENOVÁVEL S/A;22110
AGV HOLDING S/A;21806
ISEC BRASIL SECURITIZADORA S/A;23337
FERTILIZANTES HERINGER S.A.;20621
AMIL PARTICIPAÇÕES S/A;21172
NET SERVIÇOS DE COMUNICAÇÃO S.A.;14621
EMBRATEL PARTICIPAÇÕES SA;17647
ARAUCÁRIA PARTICIPAÇÕES SA;18651
ANHANGUERA EDUCACIONAL PARTICIPAÇÕES S.A.;18961
ÓLEO E GÁS PARTICIPAÇÕES S.A.;20168
RJ CAPITAL PARTNERS S.A.;22330
INTERNATIONAL MEAL COMPANY HOLDINGS S/A;22438
BERNA PARTICIPAÇÕES SA;21563
BELMONTE PARTICIPAÇÕES SA;21580
METROPOLIS EMPREENDIMENTOS IMOBILIÁRIOS S/A;22047
BRAZAL BRASIL ALIMENTOS SA;21865
PASCRO PARTICIPAÇÕES S.A.;22209
BELEZA PARTICIPAÇÕES S.A.;22632
PACIFIC RUBIALES ENERGY CORP.;80144
JP PARTICIPAÇÕES S.A.;23299
INDÚSTRIA VEROLME S.A. - IVESA;12866
DOCAS INVESTIMENTOS SA;3182
M&G POLIÉSTER SA;14559
AUTOMETAL S.A.;22381
PARAMOUNT TEXTEIS INDUSTRIA E COMERCIO S/A;19798
CIA. IGUAÇU DE CAFÉ SOLÚVEL;3336
CIA CACIQUE CAFE SOLUVEL;2909
DHB IND E COMERCIO SA;5150
FERROVIA CENTRO-ATLANTICA S.A.;15369
COMERCIAL QUINTELLA COM EXP SA EM LIQUIDAÇÃO;15652
TELEMAR PARTICIPAÇÕES SA;18678
AES TIETE SA;18350
TEMPO PARTICIPAÇOES S/A;19917
ALLIS PARTICIPAÇÕES S.A.;20850
BHG S.A. - BRAZIL HOSPITALITY GROUP;20907
REDENTOR ENERGIA S/A;22128
PPLA PARTICIPATIONS LTD.;80152
FINPAR PARTICIPAÇÕES S/A;23116
ELETROSOM S/A;22373
SOUZA CRUZ SA;4057
COMPANHIA DE CRÉDITO FINANCIAMENTO E INVESTIMENTO RCI BRASIL;22993
COMPANHIA PROVIDENCIA IND E COMERCIO;20974
BEMATECH IND COM EQUIP ELETRONICOS SA;20656
CIA DOCAS DE IMBITUBA;3174
SOLVAY INDUPA SAIC;80101
BROOKFIELD INCORPORAÇÕES S.A.;20265
CTX PARTICIPAÇÕES S/A;21652
BS&C EMPREENDIMENTOS E PARTICIPAÇÕES S.A.;23779
TEREOS INTERNACIONAL S/A;22136
VIGOR ALIMENTOS S.A.;22772
TGLT S/A;80136
VERT COMPANHIA SECURITIZADORA;23990
WEMBLEY SOCIEDADE ANÔNIMA;11800
LATAM AIRLINES GROUP S.A.;80128
RUMO LOGÍSTICA OPERADORA MULTIMODAL S.A.;23450
ÉVORA SA;13412
TELEC BRASILEIRAS S.A. TELEBRAS;11258
BELAPART SA;16233
AES ELPA S.A.;19313
LIBRA TERMINAL RIO S.A. - EM RECUPERAÇÃO JUDICIAL;23434
TELINVEST S.A.;17418
CAPITALPART PARTICIPACOES S.A.;17493
FORNO DE MINAS ALIMENTOS S.A.;23736
PRUMO LOGISTICA SA;21482
CETIP S.A. - BALCÃO ORGANIZADO DE ATIVOS E DERIVATIVOS;21792
BASEL PARTICIPAÇÕES S/A;21601
PRÁTICA PARTICIPAÇÕES S/A;23728
NAOMI PARTICIPAÇÕES S.A.;22667
TRONOX PIGMENTOS DO BRASIL S.A.;11398
SMILES S.A.;23140
AR CAPITAL SECURITIES COMPANHIA SECURITIZADORA S.A.;22950
CIMENTO TUPI S.A.;22829
JPSP INVESTIMENTOS E PARTICIPAÇÕES S/A;12262
BICICLETAS MONARK S.A.;1694
DASS NORDESTE CALÇADOS E ARTIGOS ESPORTIVOS S.A;24414
INNCORP S.A.;17558
ANDRADE GUTIERREZ CONCESSOES S.A.;19437
BANCO SANTANDER S.A.;80160
MAGNESITA REFRATARIOS S.A.;20842
COSAN LIMITED;80071
CONCESSÃO METROVIÁRIA DO RIO DE JANEIRO S.A.;22144
DUFRY A.G.;80110
CONSTRUTORA LIX DA CUNHA S.A.;4774
MULTILASER INDUSTRIAL S.A.;902123
FIBRIA CELULOSE S.A.;12793
CREMER SA;20141
SPRINGER S.A.;10960
KOSMOS COMÉRCIO DE VESTUÁRIO S/A - EM RECUPERAÇÃO JUDICIAL;15083
LITEL PARTICIPACOES S.A.;15091
SOMOS EDUCAÇÃO S.A.;22551
MMX MINERACAO E METALICOS S.A. - EM RECUPERAÇÃO JUDICIAL;17914
ANDRADE GUTIERREZ PARTICIPACOES S.A.;19062
LOCAMÉRICA RENT-A-CAR S.A.;21555
TARPON INVESTIMENTOS S.A.;21717
ALIANSCE SHOPPING CENTERS S.A.;21300
MAESTRO LOCADORA DE VEICULOS S.A.;23612
BCO PATAGONIA S.A.;80063
ADVANCED DIGITAL HEALTH MEDICINA PREVENTIVA S.A.;21725
BR HOME CENTERS S.A.;23710
MASSA FALIDA DA BRASIL PHARMA S.A.;22500
MGI - MINAS GERAIS PARTICIPAÇÕES S.A.;22942
TEC TOY S.A.;14133
ITAUTEC S.A. - GRUPO ITAUTEC;12530
NADIR FIGUEIREDO IND E COM S.A.;9040
CIA ESTADUAL DE TRANSMISSÃO DE ENERGIA ELETRICA - CEEE-T;3204
TIM PARTICIPACOES S.A.;17639
BIOSEV S.A.;22845
COSAN LOGISTICA S.A.;23485
BIOTOSCANA INVESTMENTS S.A.;80179
UP ENGENHARIA E URBANISMO S.A.;24856
LG INFORMÁTICA S.A.;25666
EMPRESA NAC COM REDITO PART S.A.ENCORPAR;16497
MASSA FALIDA DA MMX MINERACAO E METALICOS S.A.;17914
AES TIETE ENERGIA SA;18970
WILSON SONS LTD.;80047
SMILES FIDELIDADE S.A.;24252
TERRA SANTA AGRO S.A.;20354
SENDAS DISTRIBUIDORA S.A.;25372
LINX S.A.;23035
MOSAICO TECNOLOGIA AO CONSUMIDOR S.A.;25470
PARTICIPAÇÕES INDUST. DO NORDESTE S.A.;1597
PARANA BCO S.A.;20729
NOTRE DAME INTERMÉDICA PARTICIPAÇÕES S.A.;24384
TROCAFONE S.A.;26573
VENTURE CAPITAL PARTICIPAÇÕES E INVESTIMENTOS S/A;24309
FOCUS ENERGIA HOLDING PARTICIPAÇÕES S.A.;25488
ENTALPIA PARTICIPAÇÕES S.A.;26131
LOJAS AMERICANAS S.A.;8087
CIA HIDRO ELÉTRICA DO SÃO FRANCISCO;3328
CS BRASIL PARTICIPAÇÕES E LOCAÇÕES S.A.;25739
BLUE TECH SOLUTIONS EQI S.A.;12319
CIA HERING;14761
DOHLER S.A.;5207
STARA S.A. - INDÚSTRIA DE IMPLEMENTOS AGRÍCOLAS;24201
ARMAC LOCAÇÃO, LOGÍSTICA E SERVIÇOS S.A.;26069
BANCO INTER S.A.;24406
VIRGO II COMPANHIA DE SECURITIZACAO;18287
AMMO VAREJO S.A.;26476
CCX CARVÃO DA COLÔMBIA S.A. - EM LIQUIDAÇÃO;20184
CIA MINEIRA DE AÇUCAR E ALCOOL PARTICIPAÇÕES;21709
DOMMO ENERGIA S.A.;23493
GETNET ADQ E SERV PARA MEIOS DE PAGTO S.A. - INST PAGTO;26140
RIVA INCORPORADORA S.A;24996
HOUSI S.A.;25313
CONCEBRA - CONCESSIONARIA DAS RODOVIAS CENTRAIS DO BRASIL;23868
CREDGRID SERVIÇOS FINANCEIROS S.A.;26972
SELF IT ACADEMIAS HOLDING S.A.;26794
HOLDING VERZANI E SANDRINI S.A.;26689
SUL AMERICA S.A.;21121
ATHENA SAÚDE BRASIL SA;25810
TECNOSOLO ENGENHARIA S.A. - EMPRESA FALIDA;11207
IGB ELETRONICA S.A - EM RECUPERACAO JUDICIAL;6815
BRB BANCO DE BRASILIA S.A.;14206
CARAMURU ALIMENTOS S.A.;26190
AMERICANAS S.A. - EM RECUPERAÇÃO JUDICIAL;20990
LETS RENT A CAR S/A;27383
JALLES MACHADO S.A.;25496
BRADESPAR S.A.;18724
SINQIA S.A.;22799
UNIGEL PARTICIPAÇÕES S.A.;26301
BR PROPERTIES S.A.;19925
CTC - CENTRO DE TECNOLOGIA CANAVIEIRA S.A.;23981
CINESYSTEM S.A.;23965
SPRINGS GLOBAL PARTICIPACOES S.A.;20966
JHSF MALLS S.A.;24473
RAIZEN ENERGIA S.A.;23230
CERRADINHO BIOENERGIA S.A.;26522
2W ECOBANK S.A.;25224
GUARARAPES PAINÉIS S.A.;26115
REAG INVESTIMENTOS S.A.;26964
FLEX GESTÃO DE RELACIONAMENTOS S.A.-EM RECUPERAÇÃO JUDICIAL;24350
BOA VISTA SERVIÇOS S.A.;25135
SUGOI S.A.;23957
CORREA RIBEIRO S.A. COMERCIO E INDUSTRIA;4863
CIA SEGUROS ALIANCA DA BAHIA;3115
FINANCEIRA ALFA S.A.- CRED FINANC E INVS;3891
CONSORCIO ALFA DE ADMINISTRACAO S.A.;4707
FULWOOD S.A.;26336
BCBF PARTICIPAÇÕES S.A.;24775
INSTITUTO HERMES PARDINI S.A.;24090
CIA TECIDOS SANTANENSE;4081
CIA TECIDOS NORTE DE MINAS COTEMINAS;3158
NU HOLDINGS LTD.;80209
BCO ABC BRASIL S.A.;20958
BANCO MODAL S.A.;25755
REFINARIA DE PETROLEOS MANGUINHOS S.A.;9989
RAÍZEN S.A.;25917
RIO ENERGY PARTICIPAÇÕES S.A.;26298
ANEMUS WIND HOLDING S.A.;26832
AMAZONE FUN PARKS S.A.;26930
SAO MARTINHO S.A.;20516
SARAIVA LIVREIROS S.A. - EM RECUPERAÇÃO JUDICIAL;10472
BCO ALFA DE INVESTIMENTO S.A.;1384
MARISA LOJAS S.A.;22055
POMIFRUTAS S/A EM RECUPERACAO JUDICIAL;19658
CONSTRUTORA SULTEPA S.A. - EM RECUPERAÇÃO JUDICIAL;13030
BCO BRASIL S.A.;1023
CENTRAIS ELET BRAS S.A. - ELETROBRAS;2437
COMPANHIA ENERGÉTICA DE BRASÍLIA - CEB;14451
AES BRASIL OPERAÇÕES S.A.;26174
CENTRAIS ELÉTRICAS DO NORTE DO BRASIL S.A.;27472
ATOM EMPREENDIMENTOS E PARTICIPAÇÕES S.A.;15423
LM TRANSPORTES INTERESTADUAIS SERVIÇOS E COMÉRCIO S.A.;24880
STATKRAFT ENERGIAS RENOVAVEIS S.A.;22594
ENERGISA S.A.;15253
CIELO S.A. -  INSTITUIÇÃO DE PAGAMENTO;21733
NEOENERGIA S.A.;15539
BBM LOGÍSTICA S.A.;24660
GAFISA S.A.;16101
SEQUOIA LOGÍSTICA E TRANSPORTES S.A.;25160
VOTORANTIM CIMENTOS S.A.;27189
BRF S.A.;16292
CSU DIGITAL S.A.;20044
LIGHT ENERGIA S.A.;23000
CIA PARTICIPACOES ALIANCA DA BAHIA;18708
SUL 116 PARTICIPACOES S.A.;16438
ELETRORIVER S.A.;26891
CIA DE GER. E TRANS. DE ENERGIA ELÉTRICA DO SUL DO BRASIL;27480
V. TAL - REDE NEUTRA DE TELECOMUNICAÇÕES S.A.;27022
PORTO SEGURO S.A.;16659
DEXXOS PARTICIPAÇÕES S.A.;16632
CEL PARTICIPAÇÕES S.A. - CELPAR;16675
YBYRÁ CAPITAL S.A.;16705
UNIFIQUE TELECOMUNICAÇÕES S.A.;26050
INEPAR EQUIPAMENTOS E MONTAGENS S/A - EM RECUPERACAO JUDICIA;17868
LOCALIZA FLEET S.A.;24813
PRODUTORES ENERGET.DE MANSO S.A.- PROMAN;19232
EMAE - EMPRESA METROP.AGUAS ENERGIA S.A.;16993
TEGMA GESTAO LOGISTICA S.A.;20800
LWSA S/A;24910
LIFEMED INDUSTRIAL DE EQUIP. E ART. MEDICOS E HOSP. S.A;24872
PADTEC HOLDING S.A.;18414
RUMO S.A.;17450
TIM S.A.;24929
CPFL ENERGIA S.A.;18660
ENGIE BRASIL ENERGIA S.A.;17329
VITAL ENGENHARIA AMBIENTAL S.A.;27510
TELEFÔNICA BRASIL S.A;17671
HOSPITAL ANCHIETA S.A.;26468
TIM BRASIL SERVIÇOS E PARTICIPAÇÕES S.A.;27090
BRAZILIAN FINANCE E REAL ESTATE S.A.;17922
SANTOS BRASIL PARTICIPACOES S.A.;17892
COGNA EDUCAÇÃO S.A.;17973
CCR S.A.;18821
T4F ENTRETENIMENTO S.A.;22454
JBS S.A.;20575
ARTERIS S.A.;19771
HYPERA S.A.;21431
PDG REALTY S.A. EMPREEND E PARTICIPACOES;20478
RIO PARANAPANEMA ENERGIA S.A.;18368
CTEEP - CIA TRANSMISSÃO ENERGIA ELÉTRICA PAULISTA;18376
TPI - TRIUNFO PARTICIP. E INVEST. S.A.;19330
EQUATORIAL ENERGIA S.A.;20010
ORIZON MEIO AMBIENTE S.A.;27049
PETRORECÔNCAVO S.A.;25780
LIGHT S.A. - EM RECUPERAÇÃO JUDICIAL;19879
INVESTIMENTOS E PARTICIP. EM INFRA S.A. - INVEPAR;18775
CLEAR SALE S.A.;26093
SABER SERVIÇOS EDUCACIONAIS S.A.;24490
MARFRIG GLOBAL FOODS S.A.;20788
CPFL GERACAO DE ENERGIA S.A.;18953
EDP - ENERGIAS DO BRASIL S.A.;19763
ATMA PARTICIPAÇÕES S.A. - EM RECUPERAÇÃO JUDICIAL;19100
BRZ EMPREENDIMENTOS E CONSTRUÇÕES S.A.;27391
BIONEXO S.A.;25925
ECORODOVIAS INFRAESTRUTURA E LOGÍSTICA S.A.;19453
AGASUS S.A.;27324
LIGGA TELECOMUNICAÇÕES S.A.;27367
COPEL GERAÇÃO E TRANSMISSÃO S.A.;24740
ENEVA S.A;21237
BIOMM S.A.;19305
METALFRIO SOLUTIONS S.A.;20613
GRUPO FARTURA DE HORTIFRUT S.A.;26166
SER EDUCACIONAL S.A.;23221
HAPVIDA PARTICIPAÇÕES E INVESTIMENTOS S.A.;24392
INTERPLAYERS SOLUÇÕES INTEGRADAS S.A.;26387
ALLOS S.A.;22357
LIVETECH DA BAHIA INDÚSTRIA E COMÉRCIO S.A.;25895
REDE D'OR SÃO LUIZ S.A.;24821
GOL LINHAS AEREAS INTELIGENTES S.A.;19569
SBF COMÉRCIO DE PRODUTOS ESPORTIVOS S.A.;25410
EMPREENDIMENTOS PAGUE MENOS S.A.;22608
BR MALLS PARTICIPACOES S.A.;19909
CEMIG GERACAO E TRANSMISSAO S.A.;20320
CLARO TELECOM PARTICIPAÇÕES S.A.;23531
M.DIAS BRANCO S.A. IND COM DE ALIMENTOS;20338
ELDORADO BRASIL CELULOSE S.A.;22810
SIMPAR S.A.;25003
AMBEV S.A.;23264
SMARTFIT ESCOLA DE GINÁSTICA E DANÇA S.A.;24260
BRASILAGRO - CIA BRAS DE PROP AGRICOLAS;20036
EMBRAER S.A.;20087
DATORA PARTICIPAÇÕES E SERVIÇOS S.A.;26557
GIGA MAIS FIBRA TELECOMUNICAÇÕES S.A.;27502
ESSENTIA PCHS S.A.;26158
MULTIPLAN - EMPREEND IMOBILIARIOS S.A.;20982
FICA EMPREENDIMENTOS IMOBILIÁRIOS S.A.;20630
FOZ DO RIO CLARO ENERGIA S.A.;26697
AURA MINERALS INC.;80187
GP INVESTMENTS, LTD.;80020
TRANSMISSORA ALIANÇA DE ENERGIA ELÉTRICA S.A.;20257
MITRE REALTY EMPREENDIMENTOS E PARTICIPAÇÕES S.A.;24902
TECNISA S.A.;20435
LPS BRASIL - CONSULTORIA DE IMOVEIS S.A.;20370
IGUA SANEAMENTO S.A.;23175
DESKTOP S.A.;26026
ALUBAR METAIS E CABOS S.A.;27430
JHSF PARTICIPACOES S.A.;20605
EZ TEC EMPREEND. E PARTICIPACOES S.A.;20770
MRV ENGENHARIA E PARTICIPACOES S.A.;20915
ALUPAR INVESTIMENTO S/A;21490
GSH CORP PARTICIPAÇÕES S.A.;26603
GUARARAPES CONFECCOES S.A.;4669
CPFL ENERGIAS RENOVÁVEIS S.A.;20540
RENOVA ENERGIA S.A. - EM RECUPERAÇÃO JUDICIAL;21636
CIA CELG DE PARTICIPACOES - CELGPAR;21393
PRÁTICA PRODUTOS S.A.;24546
NEXPE PARTICIPAÇÕES S.A;21180
GENERAL SHOPPING E OUTLETS DO BRASIL BRASIL S.A.;21008
VIRGO COMPANHIA DE SECURITIZAÇÃO;20818
BRASILIANA PARTICIPAÇÕES S/A;23930
CURY CONSTRUTORA E INCORPORADORA S.A.;25100
SYN PROP & TECH S.A.;21040
YDUQS PARTICIPACOES S.A.;21016
TRISUL S.A.;21130
AEGEA SANEAMENTO E PARTICIPAÇÕES S.A.;23396
ECORODOVIAS CONCESSÕES E SERVIÇOS S.A.;21903
CSN MINERAÇÃO S.A.;25585
MULTINER S/A;21520
LOG COMMERCIAL PROPERTIES E PARTICIPAÇÕES;23272
BEMOBI MOBILE TECH S.A.;25500
ELFA MEDICAMENTOS S.A.;25348
INBRANDS S.A.;22560
OSX BRASIL S.A. - EM RECUPERAÇÃO JUDICIAL;21342
OCEANPACT SERVIÇOS MARITIMOS S.A.;25534
KALLAS INCORPORAÇÕES E CONSTRUÇÕES S.A.;25798
SERENA GERAÇÃO S.A.;23426
GPS PARTICIPAÇÕES E EMPREENDIMENTOS S.A.;25712
YUNY INCORPORADORA HOLDING S.A.;25976
ANIMA HOLDING S.A.;23248
TECHNOS S.A.;22519
AZUL S.A.;24112
B3 S.A. - BRASIL, BOLSA, BALCÃO;21610
ELETROMIDIA S.A.;25569
ASA BRANCA HOLDING S.A.;26514
BRASIL BIOFUELS S.A.;27375
ENVIRONMENTAL ESG PARTICIPAÇÕES S.A.;26271
INC EMPREENDIMENTOS IMOBILIÁRIOS S.A.;24279
W2W E-COMMERCE DE VINHOS S.A.;25852
NEOGRID PARTICIPAÇÕES S.A.;25399
COMPANHIA DE LOCAÇÃO DAS AMÉRICAS;22691
GRUPO DE MODA SOMA S.A.;25011
URBA DESENVOLVIMENTO URBANO S.A.;25437
PRIO S.A.;22187
BR ADVISORY PARTNERS PARTICIPAÇÕES S.A.;25860
CVC BRASIL OPERADORA E AGÊNCIA DE VIAGENS S.A.;23310
BOA SAFRA SEMENTES S.A.;25704
YOU INC INCORPORADORA E PARTICIPAÇÃO S.A;23604
ORIZON VALORIZAÇÃO DE RESÍDUOS S.A.;25550
ENAUTA PARTICIPAÇÕES S.A.;22365
ALPER CONSULTORIA E CORRETORA DE SEGUROS S.A.;22217
QUALICORP CONSULTORIA E CORRETORA DE SEGUROS S.A.;22497
MOURA DUBEUX ENGENHARIA S/A;21067
3R PETROLEUM ÓLEO E GÁS S.A.;25291
ONCOCLÍNICAS DO BRASIL SERVIÇOS MÉDICOS S.A.;26123
D1000 VAREJO FARMA PARTICIPAÇÕES S.A.;25046
MELNICK DESENVOLVIMENTO IMOBILIÁRIO S.A.;25119
CM HOSPITALAR S.A;25682
AERIS IND. E COM. DE EQUIP. PARA GER. DE ENG. S.A.;25283
AMBIPAR PARTICIPAÇÕES E EMPREENDIMENTOS S.A.;24961
HIDROVIAS DO BRASIL S.A.;22675
GRUPO SBF S.A.;24694
KORA SAÚDE PARTICIPAÇÕES S.A.;25879
MLOG S.A.;22586
SAFIRA HOLDING S.A.;27138
ZAMP SA;24317
MADERO INDÚSTRIA E COMÉRCIO S.A.;26379
MÉLIUZ S.A.;25232
GETNINJAS S.A.;25887
GRANBIO INVESTIMENTOS S.A.;25321
HBR REALTY EMPREENDIMENTOS IMOBILIÁRIOS S.A.;25402
SANSUY S.A. INDUSTRIA DE PLASTICOS;12696
CBO HOLDING S.A.;23620
J. MACEDO S.A.;21156
CORREDOR LOGÍSTICA E INFRAESTRUTURA S.A.;27260
CIA FERRO LIGAS DA BAHIA - FERBASA;3069
CVLB BRASIL S.A;25542
METANOR SA METANOL DO NE;8745
SUZANO S.A.;13986
AREZZO INDÚSTRIA E COMÉRCIO S.A.;22349
DIRECIONAL ENGENHARIA S.A.;21350
LOCALIZA RENT A CAR S.A.;19739
HOSPITAL MATER DEI S.A.;25690
ALPHAVILLE S.A.;25275
XP INVESTIMENTOS S.A.;27111
ENJOEI S.A.;25259
CIA ENERGETICA DE MINAS GERAIS - CEMIG;2453
FIACAO E TECELAGEM SAO JOSE SA EM RECUPERACAO JUDICIAL;5983
BCO MERCANTIL DO BRASIL S.A.;1325
CIA FIACAO TECIDOS CEDRO CACHOEIRA;3077
CIA SANEAMENTO DE MINAS GERAIS-COPASA MG;19445
INTERNATIONAL MEAL COMPANY ALIMENTACAO S.A.;23574
BB SEGURIDADE PARTICIPAÇÕES S.A.;23159
TECIDOS E ARMARINHOS MIGUEL BARTOLOMEU S.A.;26760
DOTZ S.A.;25836
PET CENTER COMÉRCIO E PARTICIPAÇÕES S.A.;25089
HUMBERG AGRIBRASIL COMÉRCIO E EXPORTAÇÃO DE GRÃOS S.A.;25933
PRINER SERVIÇOS INDUSTRIAIS S.A.;24236
HOLDING DO ARAGUAIA S.A.;26565
CHINA THREE GORGES BRASIL ENERGIA S.A.;27103
EMCCAMP RESIDENCIAL S.A.;25909
CIA INDUSTRIAL CATAGUASES;3395
BRISANET PARTICIPAÇÕES S.A.;26085
ALLIED TECNOLOGIA S.A.;25330
OURO FINO SAUDE ANIMAL PARTICIPACOES S.A.;23507
VITRU BRASIL EMPREENDIMENTOS, PARTICIPAÇÕES E COMÉRCIO S.A.;27057
OLIVEIRA TRUST S.A.;26417
AGROGALAXY PARTICIPAÇÕES S.A.;25658
MOVIDA PARTICIPACOES SA;23825
COMPASS GÁS E ENERGIA S.A.;25127
CAIXA SEGURIDADE PARTICIPAÇÕES S.A.;23795
ALMACENES ÉXITO S.A.;80225
PATRIMAR ENGENHARIA S.A.;25305
VAMOS LOCAÇÃO DE CAMINHÕES, MÁQUINAS E EQUIPAMENTOS S.A.;24716
TRIPLE PLAY BRASIL PARTICIPAÇÕES S.A.;25194
PLANO & PLANO DESENVOLVIMENTO IMOBILIÁRIO S.A.;25070
BRK AMBIENTAL PARTICIPAÇÕES S.A.;24830
ARGO ENERGIA EMPREENDIMENTOS E PARTICIPAÇÕES S/A;24120
BLUEFIT ACADEMIAS DE GINÁSTICA E PARTICIPAÇÕES S.A.;26204
GRUPO MATEUS S.A.;25186
HOSPITAL CARE CALEDONIA S.A.;25771
COMERC ENERGIA S.A.;26280
TC S.A.;26077
LAVVI EMPREENDIMENTOS IMOBILIÁRIOS S.A.;25062
MPM CORPÓREOS S.A.;25445
TURBI COMPARTILHAMENTO DE VEÍCULOS S.A.;27197
MILLS LOCAÇÃO, SERVIÇOS E LOGÍSTICA S.A.;22012
CONSTRUTORA METROCASA S.A.;27340
BANESTES S.A. - BCO EST ESPIRITO SANTO;1155
ENERGISA TRANSMISSÃO DE ENERGIA S/A;24589
AUREN ENERGIA S.A.;26620
SAO CARLOS EMPREEND E PARTICIPACOES S.A.;13781
OCEÂNICA ENGENHARIA E CONSULTORIA S.A.;26956
TEGRA INCORPORADORA S.A.;25844
HAGA S.A. INDUSTRIA E COMERCIO;13366
CELEO REDES TRANSMISSÃO DE ENERGIA S.A.;24597
MOBLY S.A.;25461
VERO S.A.;26409
ORIGEM ENERGIA S.A.;27227
HÉLIO VALGAS SOLAR PARTICIPAÇÕES S.A.;27332
VIX LOGÍSTICA S.A.;21202
NATURA &CO HOLDING S.A.;24783
PETROLEO BRASILEIRO S.A. PETROBRAS;9512
JOAO FORTES ENGENHARIA S.A. - EM RECUPERAÇÃO JUDICIAL;7811
GRUPO CASAS BAHIA S.A.;6505
CIA SIDERURGICA NACIONAL;4030
MONTEIRO ARANHA S.A.;8893
VALID SOLUÇÕES S.A.;20028
WILSON SONS S.A.;26247
HOTEIS OTHON S.A. - EM RECUPERAÇÃO JUDICIAL;6700
WLM PART. E COMÉRCIO DE MÁQUINAS E VEÍCULOS S.A.;11070
ULTRAPAR PARTICIPACOES S.A.;18465
IRB - BRASIL RESSEGUROS S.A.;24180
SONDOTECNICA ENGENHARIA SOLOS S.A.;10880
TEKNO S.A. - INDUSTRIA E COMERCIO;11231
VALE S.A.;4170
GERDAU S.A.;3980
VIVARA PARTICIPAÇÕES S.A.;24805
UNIPAR CARBOCLORO S.A.;11592
VIBRA ENERGIA S/A;24295
EZ INC INCORPORAÇÕES COMERCIAIS S.A.;25380
BRASIL TECNOLOGIA E PARTICIPAÇÕES S.A.;27499
QUALITY SOFTWARE S.A.;23302
INSPIRALI EDUCAÇÃO S.A.;27251
BRQ SOLUCOES EM INFORMATICA S.A.;23817
AES BRASIL ENERGIA S.A.;25640
MONTE RODOVIAS S.A.;26328
RIO ALTO ENERGIAS RENOVÁVEIS S.A.;25720
INFRACOMMERCE CXAAS S.A.;25747
CENCOSUD BRASIL COMERCIAL S.A.;26530
COMPANHIA ESTADUAL DE GERAÇÃO DE ENERGIA ELÉTRICA - CEEE-G;27154
HMOBI PARTICIPAÇÕES S.A.;25674
SOLVI ESSENCIS AMBIENTAL S.A.;27073
TERRA SANTA PROPRIEDADES AGRÍCOLAS S.A.;26000
RIO ALTO STL HOLDING I S.A.;27006
SOLAR BEBIDAS S.A.;27014
CANTU STORE S.A.;26646
RODOVIAS DO BRASIL HOLDING S.A.;26352
BRASKEM S.A.;4820
LOG-IN LOGISTICA INTERMODAL S.A.;20710
WIZ CO PARTICIPAÇÕES E CORRETAGEM DE SEGUROS S.A.;23590
EMBPAR PARTICIPAÇÕES S/A;15458
SERENA ENERGIA S.A.;26441
INTER & CO, INC.;80217
ALLIANÇA SAÚDE E PARTICIPAÇÕES S.A.;24058
EVEN CONSTRUTORA E INCORPORADORA S.A.;20524
AUTOMOB S.A.;27413
CLI SUL S.A.;27243
CIA SANEAMENTO BASICO EST SAO PAULO;14443
LUPO S.A.;26506
C&A MODAS S.A.;24848
VITTIA S.A.;25763
PROFARMA DISTRIB PROD FARMACEUTICOS S.A.;20346
UNIDAS LOCADORA S.A.;27162
BAHEMA EDUCAÇÃO S.A.;701
CIA BRASILEIRA DE DISTRIBUICAO;14826
MAGAZINE LUIZA S.A.;22470
HELBOR EMPREENDIMENTOS S.A.;20877
VESTE S.A. ESTILO;21440
BOMBRIL S.A.;12190
COSAN S.A.;19836
VULCABRAS S.A.;11762
NUTRIPLANT INDUSTRIA E COMERCIO S.A.;21334
IGUATEMI EMPRESA DE SHOPPING CENTERS S.A;20494
PLASCAR PARTICIPACOES INDUSTRIAIS S.A.;13471
JSL S.A.;22020
TOTVS S.A.;19992
EUCATEX S.A. INDUSTRIA E COMERCIO;5770
ROMI S.A.;7510
ODONTOPREV S.A.;20125
BLAU FARMACÊUTICA S.A.;24627
WHIRLPOOL S.A.;14346
BCO PAN S.A.;21199
TRACK & FIELD CO S.A.;25208
GRUPO MULTI S.A.;26034
RODOBENS SA;25801
PARANAPANEMA S.A. - EM RECUPERAÇÃO JUDICIAL;9393
MAHLE-METAL LEVE S.A.;8575
ALLPARK EMPREENDIMENTOS, PARTICIPAÇÕES E SERVIÇOS S.A.;24953
IGUATEMI S.A.;8672
SUZANO HOLDING S.A.;9067
UNIÃO QUÍMICA FARMACÊUTICA NACIONAL S.A.;26867
CIA MELHORAMENTOS DE SAO PAULO;3654
BCO BRADESCO S.A.;906
FLEURY S.A.;21881
BARDELLA S.A. INDUSTRIAS MECANICAS EM RECUPERAÇÃO JUDICIAL;1520
ITAU UNIBANCO HOLDING S.A.;19348
USINAS SID DE MINAS GERAIS S.A.-USIMINAS;14320
CESP - CIA ENERGETICA DE SAO PAULO;2577
CONSTRUTORA ADOLPHO LINDENBERG S.A.;4723
MANGELS INDUSTRIAL S.A.;8397
ROSSI RESIDENCIAL S.A. - EM RECUPERAÇÃO JUDICIAL;16306
ALPARGATAS S.A.;10456
COBRASMA S.A.;4448
MANUFATURA DE BRINQUEDOS ESTRELA S.A.;8427
CAMBUCI S.A.;2100
ETERNIT S.A. - EM RECUPERAÇÃO JUDICIAL;5762
IOCHPE MAXION S.A.;11932
SIDERURGICA J. L. ALIPERTI S.A.;12823
BANCO BMG S/A;24600
EUROFARMA LABORATÓRIOS S.A.;26700
AZEVEDO E TRAVASSOS S.A.;11975
BAUMER S.A.;1562
COMPANHIA BRASILEIRA DE ALUMÍNIO;25984
DIAGNOSTICOS DA AMERICA S.A.;19623
ITAÚSA S.A.;7617
REDE ENERGIA PARTICIPAÇÕES S.A.;3190
RAIA DROGASIL S.A.;5258
BCO PINE S.A;20567
BCO DAYCOVAL S.A.;20796
INTERCEMENT BRASIL S.A.;25992
BANCO RCI BRASIL S.A.;21466
CRUZEIRO DO SUL EDUCACIONAL S.A.;25526
CAMIL ALIMENTOS S.A.;24228
RNI NEGÓCIOS IMOBILIÁRIOS S.A.;20451
VIVER INCORPORADORA E CONSTRUTORA S.A.;20702
MINERVA S.A.;20931
CLARANET TECHNOLOGY S.A.;26549
ALGAR TELECOM S/A;21032
CONSTRUTORA TENDA S.A.;21148
NATURA COSMETICOS S.A.;19550
CYRELA BRAZIL REALTY S.A.EMPREEND E PART;14460
ATACADÃO S.A.;24171
UNIDAS LOCAÇÕES E SERVIÇOS S.A.;23280
CIA PARANAENSE DE ENERGIA - COPEL;14311
OI S.A. - EM RECUPERAÇÃO JUDICIAL;11312
INEPAR S.A. INDUSTRIA E CONSTRUCOES EM RECUPERACAO JUDICIAL;7595
FARMÁCIA E DROGARIA NISSEI S.A.;25429
SENIOR SISTEMAS S.A.;26786
DESCARBONIZE SOLUÇÕES S.A.;27278
POSITIVO TECNOLOGIA S.A.;20362
GRANJA FARIA S.A.;27219
ALMEIDA JUNIOR SHOPPING CENTERS S.A.;26395
TEKA-TECELAGEM KUEHNRICH S.A. - EM RECUPERAÇÃO JUDICIAL;11223
KARSTEN S.A.;4146
ELECTRO ACO ALTONA S.A.;5380
INTELBRAS S.A. IND. DE TELECOMUNICAÇÃO ELETRÔNICA BRASILEIRA;25453
CIA INDUSTRIAL SCHLOSSER S.A.;3549
TEXTIL RENAUXVIEW S.A.;7544
PBG S/A;13773
CENTRAIS ELET DE SANTA CATARINA S.A.;2461
WEG S.A.;5410
TUPY S.A.;6343
WETZEL S.A.;11991
TIGRE S.A. PARTICIPAÇÕES;26255
SCHULZ S.A.;14664
METALURGICA RIOSULENSE S.A.;13439
METISA METALURGICA TIMBOENSE S.A.;8753
JOSAPAR-JOAQUIM OLIVEIRA S.A. - PARTICIP;13285
CIA HABITASUL DE PARTICIPACOES;3298
BORRACHAS VIPAL S.A.;26980
FRAS-LE S.A.;6211
MUNDIAL S.A. - PRODUTOS DE CONSUMO;5312
MARCOPOLO S.A.;8451
PETTENATI S.A. INDUSTRIA TEXTIL;9539
RANDON S.A. IMPLEMENTOS E PARTICIPACOES;14109
SLC AGRICOLA S.A.;20745
LUPATECH S.A;20060
KLABIN S.A.;12653
GRENDENE S.A.;19615
MINUPAR PARTICIPACOES S.A.;13765
BCO SANTANDER (BRASIL) S.A.;20532
UNICASA INDÚSTRIA DE MÓVEIS S.A.;22780
RECRUSUL S.A.;12572
KEPLER WEBER S.A.;7870
GRAZZIOTIN S.A.;4537
TREVISA INVESTIMENTOS S.A.;8192
DIMED S.A. DISTRIBUIDORA DE MEDICAMENTOS;9342
METALURGICA GERDAU S.A.;8656
PANATLANTICA S.A.;94
BCO ESTADO DO RIO GRANDE DO SUL S.A.;1210
CPFL TRANSMISSÃO S.A.;3204
LOJAS RENNER S.A.;8133
TAURUS ARMAS S.A.;6173
IRANI PAPEL E EMBALAGEM S.A.;2429
TRÊS TENTOS AGROINDUSTRIAL S/A;25950
PACAEMBU CONSTRUTORA S.A.;25143
LOJAS QUERO QUERO S.A.;25038
CONSERVAS ODERICH S.A.;4693
DEXCO S.A.;21091
