DENOM_CIA;CD_CVM
CENTRAIS ELET BRAS S.A. - ELETROBRAS;2437
COMPANHIA ENERGÉTICA DE BRASÍLIA - CEB;14451
VBC ENERGIA SA;14540
NET SERVIÇOS DE COMUNICAÇÃO S.A.;14621
FORPART S.A. - EM LIQUIDAÇÃO;14796
KOSMOS COMÉRCIO DE VESTUÁRIO S/A - EM RECUPERAÇÃO JUDICIAL;15083
STATKRAFT ENERGIAS RENOVAVEIS S.A.;22594
LITEL PARTICIPACOES S.A.;15091
AMERICANAS S.A. - EM RECUPERAÇÃO JUDICIAL;20990
ENERGISA S.A.;15253
FERROVIA CENTRO-ATLANTICA S.A.;15369
COMERCIAL QUINTELLA COM EXP SA EM LIQUIDAÇÃO;15652
CIELO S.A. -  INSTITUIÇÃO DE PAGAMENTO;21733
NEOENERGIA S.A.;15539
UNIVERSO ONLINE SA;19887
GAFISA S.A.;16101
521 PARTICIPACOES S.A. - EM LIQUIDAÇÃO EXTRAJUDICIAL;16330
BELAPART SA;16233
VALETRON SA;16225
TAM S.A.;16390
BRF S.A.;16292
AES ELPA S.A.;19313
CIA PARTICIPACOES ALIANCA DA BAHIA;18708
SUL 116 PARTICIPACOES S.A.;16438
EMPRESA NAC COM REDITO PART S.A.ENCORPAR;16497
VIRGO II COMPANHIA DE SECURITIZACAO;18287
TELEMAR PARTICIPAÇÕES SA;18678
PORTO SEGURO S.A.;16659
UPTICK PARTICIPACOES S.A.;16624
EDITORA ABRIL S/A;19143
DEXXOS PARTICIPAÇÕES S.A.;16632
INEPAR ENERGIA SA;16730
EMAE - EMPRESA METROP.AGUAS ENERGIA S.A.;16993
DALETH PARTICIPAÇÕES SA - EM LIQUIDAÇÃO;16950
TEGMA GESTAO LOGISTICA S.A.;20800
RET PARTICIPACOES S.A.;17337
ZAIN PARTICIPACOES S.A.;17361
PADTEC HOLDING S.A.;18414
RUMO S.A.;17450
LF TEL SA;17442
CPFL ENERGIA S.A.;18660
FUTURETEL S.A. - EM LIQUIDAÇÃO;17388
ENGIE BRASIL ENERGIA S.A.;17329
TELINVEST S.A.;17418
RUMO MALHA PAULISTA S.A.;17930
MAORI SA;17779
SOMOS EDUCAÇÃO S.A.;22551
VIVO PARTICIPAÇÕES SA;17710
TIM PARTICIPACOES S.A.;17639
EMBRATEL PARTICIPAÇÕES SA;17647
TELE NORTE LESTE PARTICIPAÇÕES SA;17655
TELE NORTE CELULAR PARTICIPAÇÕES SA;17604
TELEFÔNICA BRASIL S.A;17671
CAPITALPART PARTICIPACOES S.A.;17493
INNCORP S.A.;17558
NEWTEL PARTICIPACOES S.A.;17540
BRAZILIAN FINANCE E REAL ESTATE S.A.;17922
MMX MINERACAO E METALICOS S.A. - EM RECUPERAÇÃO JUDICIAL;17914
SANTOS BRASIL PARTICIPACOES S.A.;17892
COGNA EDUCAÇÃO S.A.;17973
COMPANHIA DE BEBIDAS DAS AMÉRICAS-AMBEV;18112
CCR S.A.;18821
T4F ENTRETENIMENTO S.A.;22454
VICUNHA SIDERURGIA SA;18902
JBS S.A.;20575
ARTERIS S.A.;19771
HYPERA S.A.;21431
PDG REALTY S.A. EMPREEND E PARTICIPACOES;20478
CEMIG TELECOMUNICAÇÕES S.A.;18716
AES TIETE SA;18350
CTEEP - CIA TRANSMISSÃO ENERGIA ELÉTRICA PAULISTA;18376
TPI - TRIUNFO PARTICIP. E INVEST. S.A.;19330
EQUATORIAL ENERGIA S.A.;20010
LIGHT S.A. - EM RECUPERAÇÃO JUDICIAL;19879
BRZ INVESTIMENTOS S/A;21415
RB CAPITAL SECURITIZADORA S.A.;19860
PRIVATINVEST PARTICIPAÇÕES SA;18635
ANDRADE GUTIERREZ CONCESSOES S.A.;19437
ARAUCÁRIA PARTICIPAÇÕES SA;18651
INVESTIMENTOS E PARTICIP. EM INFRA S.A. - INVEPAR;18775
BRADESPAR S.A.;18724
MARFRIG GLOBAL FOODS S.A.;20788
CPFL GERACAO DE ENERGIA S.A.;18953
EDP - ENERGIAS DO BRASIL S.A.;19763
COARI PARTICIPAÇÕES SA;19089
ANDRADE GUTIERREZ PARTICIPACOES S.A.;19062
ATMA PARTICIPAÇÕES S.A. - EM RECUPERAÇÃO JUDICIAL;19100
AES TIETE ENERGIA SA;18970
ECORODOVIAS INFRAESTRUTURA E LOGÍSTICA S.A.;19453
ANHANGUERA EDUCACIONAL PARTICIPAÇÕES S.A.;18961
ENEVA S.A;21237
LOCAMÉRICA RENT-A-CAR S.A.;21555
BIOMM S.A.;19305
METALFRIO SOLUTIONS S.A.;20613
GLOBAL BRASIL SA;19402
TARPON INVESTIMENTOS S.A.;21717
TELEFÓNICA, S.A.;80004
WILSON SONS LTD.;80047
TERRA SANTA AGRO S.A.;20354
ALLOS S.A.;22357
ALIANSCE SHOPPING CENTERS S.A.;21300
GOL LINHAS AEREAS INTELIGENTES S.A.;19569
TEMPO PARTICIPAÇOES S/A;19917
BR MALLS PARTICIPACOES S.A.;19909
BR PROPERTIES S.A.;19925
CEMIG GERACAO E TRANSMISSAO S.A.;20320
M.DIAS BRANCO S.A. IND COM DE ALIMENTOS;20338
ITAUSEG PARTICIPAÇÕES SA;19933
VICUNHA TEXTIL SA;5991
BRASILAGRO - CIA BRAS DE PROP AGRICOLAS;20036
EMBRAER S.A.;20087
BROOKFIELD INCORPORAÇÕES S.A.;20265
SPRINGS GLOBAL PARTICIPACOES S.A.;20966
AMPLA INVESTIMENTOS E SERVIÇOS S/A;20214
MULTIPLAN - EMPREEND IMOBILIARIOS S.A.;20982
FICA EMPREENDIMENTOS IMOBILIÁRIOS S.A.;20630
GP INVESTMENTS, LTD.;80020
TRANSMISSORA ALIANÇA DE ENERGIA ELÉTRICA S.A.;20257
ONE PROPERTIES S.A.;20419
ÓLEO E GÁS PARTICIPAÇÕES S.A.;20168
TECNISA S.A.;20435
LPS BRASIL - CONSULTORIA DE IMOVEIS S.A.;20370
SAFRA COMPANHIA SECURITIZADORA DE CREDITOS IMOBILIARIOS;20400
JHSF PARTICIPACOES S.A.;20605
EZ TEC EMPREEND. E PARTICIPACOES S.A.;20770
MRV ENGENHARIA E PARTICIPACOES S.A.;20915
ALUPAR INVESTIMENTO S/A;21490
GUARARAPES CONFECCOES S.A.;4669
CPFL ENERGIAS RENOVÁVEIS S.A.;20540
CIA MINEIRA DE AÇUCAR E ALCOOL PARTICIPAÇÕES;21709
RENOVA ENERGIA S.A. - EM RECUPERAÇÃO JUDICIAL;21636
CIA CELG DE PARTICIPACOES - CELGPAR;21393
REP REAL ESTATE PARTNERS DESENV IMOB SA;21539
NEXPE PARTICIPAÇÕES S.A;21180
ALLIS PARTICIPAÇÕES S.A.;20850
MAGNESITA REFRATARIOS S.A.;20842
BHG S.A. - BRAZIL HOSPITALITY GROUP;20907
PRUMO LOGISTICA SA;21482
GENERAL SHOPPING E OUTLETS DO BRASIL BRASIL S.A.;21008
SYN PROP & TECH S.A.;21040
YDUQS PARTICIPACOES S.A.;21016
TRISUL S.A.;21130
ECORODOVIAS CONCESSÕES E SERVIÇOS S.A.;21903
COSAN LIMITED;80071
LAEP INVESTMENTS LTD;80098
MULTINER S/A;21520
INTERNATIONAL MEAL COMPANY HOLDINGS S/A;22438
AGRENCO LIMITED;80080
INBRANDS S.A.;22560
OSX BRASIL S.A. - EM RECUPERAÇÃO JUDICIAL;21342
OMEGA ENERGIA RENOVÁVEL S/A;22110
TECHNOS S.A.;22519
FAE ADM. E PARTICIPAÇÕES SA;21660
B3 S.A. - BRASIL, BOLSA, BALCÃO;21610
CETIP S.A. - BALCÃO ORGANIZADO DE ATIVOS E DERIVATIVOS;21792
BERNA PARTICIPAÇÕES SA;21563
ÁQUILLA SECURITIZADORA S.A.;21512
AGV HOLDING S/A;21806
CTX PARTICIPAÇÕES S/A;21652
COMPANHIA DE LOCAÇÃO DAS AMÉRICAS;22691
CONCESSÃO METROVIÁRIA DO RIO DE JANEIRO S.A.;22144
PRIO S.A.;22187
CENTENNIAL ASSET PARTICIPAÇÕES SUDESTE S/A;21776
MASSA FALIDA DA BRASIL PHARMA S.A.;22500
DUFRY A.G.;80110
TEREOS INTERNACIONAL S/A;22136
SAAG INVESTIMENTOS S.A.;22756
ENAUTA PARTICIPAÇÕES S.A.;22365
ALPER CONSULTORIA E CORRETORA DE SEGUROS S.A.;22217
MCM CIMENTOS S/A;22284
QUALICORP CONSULTORIA E CORRETORA DE SEGUROS S.A.;22497
PASCRO PARTICIPAÇÕES S.A.;22209
MOURA DUBEUX ENGENHARIA S/A;21067
REDENTOR ENERGIA S/A;22128
STEIN SP II PARTICIPAÇÕES S.A.;22292
PERENCO PETRÓLEO E GÁS DO BRASIL PARTICIPAÇÕES S.A.;22527
HIDROVIAS DO BRASIL S.A.;22675
ISOLUX INFRASTRUCTURE S.A.;22624
MLOG S.A.;22586
PRONOR PETROQUIMICA SA;9784
QGN PARTICIPAÇÕES SA;9857
ELEKEIROZ S.A.;4359
PARTICIPAÇÕES INDUST. DO NORDESTE S.A.;1597
PACIFIC RUBIALES ENERGY CORP.;80144
SANSUY S.A. INDUSTRIA DE PLASTICOS;12696
J. MACEDO S.A.;21156
CORREA RIBEIRO S.A. COMERCIO E INDUSTRIA;4863
TRONOX PIGMENTOS DO BRASIL S.A.;11398
CIA FERRO LIGAS DA BAHIA - FERBASA;3069
CIA SEGUROS ALIANCA DA BAHIA;3115
METANOR SA METANOL DO NE;8745
SUZANO S.A.;13986
AREZZO INDÚSTRIA E COMÉRCIO S.A.;22349
DIRECIONAL ENGENHARIA S.A.;21350
LOCALIZA RENT A CAR S.A.;19739
CIA ENERGETICA DE MINAS GERAIS - CEMIG;2453
FIACAO E TECELAGEM SAO JOSE SA EM RECUPERACAO JUDICIAL;5983
ALFA HOLDINGS S.A.;9954
CONSORCIO ALFA DE ADMINISTRACAO S.A.;4707
CIA FIACAO TECIDOS CEDRO CACHOEIRA;3077
CIA SANEAMENTO DE MINAS GERAIS-COPASA MG;19445
VALE FERTILIZANTES S.A.;14028
CIA INDUSTRIAL CATAGUASES;3395
CIA TECIDOS SANTANENSE;4081
ELETROSOM S/A;22373
FERTILIZANTES HERINGER S.A.;20621
CIA TECIDOS NORTE DE MINAS COTEMINAS;3158
TEC TOY S.A.;14133
RUMO MALHA NORTE S.A.;15300
WEMBLEY SOCIEDADE ANÔNIMA;11800
CAFE SOLUVEL BRASILIA SA;2062
MILLS LOCAÇÃO, SERVIÇOS E LOGÍSTICA S.A.;22012
BCO ABC BRASIL S.A.;20958
INDÚSTRIA VEROLME S.A. - IVESA;12866
SAO CARLOS EMPREEND E PARTICIPACOES S.A.;13781
SUL AMERICA S.A.;21121
PREDILETO ALIMENTOS SA;14010
VIX LOGÍSTICA S.A.;21202
TELEMAR NORTE LESTE SA;11320
PETROLEO BRASILEIRO S.A. PETROBRAS;9512
SOUZA CRUZ SA;4057
LOJAS AMERICANAS S.A.;8087
JOAO FORTES ENGENHARIA S.A. - EM RECUPERAÇÃO JUDICIAL;7811
GRUPO CASAS BAHIA S.A.;6505
CIA SIDERURGICA NACIONAL;4030
MONTEIRO ARANHA S.A.;8893
VALID SOLUÇÕES S.A.;20028
SERGEN SERVS GERAIS DE ENG SA;10596
HOTEIS OTHON S.A. - EM RECUPERAÇÃO JUDICIAL;6700
WLM PART. E COMÉRCIO DE MÁQUINAS E VEÍCULOS S.A.;11070
ULTRAPAR PARTICIPACOES S.A.;18465
SONDOTECNICA ENGENHARIA SOLOS S.A.;10880
REFINARIA DE PETROLEOS MANGUINHOS S.A.;9989
DOCAS INVESTIMENTOS SA;3182
TEKNO S.A. - INDUSTRIA E COMERCIO;11231
CIA HIDRO ELÉTRICA DO SÃO FRANCISCO;3328
VALE S.A.;4170
GERDAU S.A.;3980
LATAM AIRLINES GROUP S.A.;80128
UNIPAR CARBOCLORO S.A.;11592
AMIL PARTICIPAÇÕES S/A;21172
BRASKEM S.A.;4820
LOG-IN LOGISTICA INTERMODAL S.A.;20710
EMBPAR PARTICIPAÇÕES S/A;15458
IGB ELETRONICA S.A - EM RECUPERACAO JUDICIAL;6815
EVEN CONSTRUTORA E INCORPORADORA S.A.;20524
CIA SANEAMENTO BASICO EST SAO PAULO;14443
USINA COSTA PINTO SA ACUC ALC;12220
PROFARMA DISTRIB PROD FARMACEUTICOS S.A.;20346
BAHEMA EDUCAÇÃO S.A.;701
CONSTRUTORA LIX DA CUNHA S.A.;4774
CIA BRASILEIRA DE DISTRIBUICAO;14826
MAGAZINE LUIZA S.A.;22470
HELBOR EMPREENDIMENTOS S.A.;20877
VESTE S.A. ESTILO;21440
BOMBRIL S.A.;12190
COSAN S.A.;19836
VULCABRAS S.A.;11762
IGUATEMI EMPRESA DE SHOPPING CENTERS S.A;20494
SAO MARTINHO S.A.;20516
PLASCAR PARTICIPACOES INDUSTRIAIS S.A.;13471
JSL S.A.;22020
TOTVS S.A.;19992
JPSP INVESTIMENTOS E PARTICIPAÇÕES S/A;12262
ITAUTEC S.A. - GRUPO ITAUTEC;12530
EUCATEX S.A. INDUSTRIA E COMERCIO;5770
ROMI S.A.;7510
M&G POLIÉSTER SA;14559
BICICLETAS MONARK S.A.;1694
ODONTOPREV S.A.;20125
BROOKFIELD SÃO PAULO EMPREENDIMENTOS IMOBILIÁRIOS S.A.;19046
AUTOMETAL S.A.;22381
WHIRLPOOL S.A.;14346
DIXIE TOGA SA;14931
PARANAPANEMA S.A. - EM RECUPERAÇÃO JUDICIAL;9393
MAHLE-METAL LEVE S.A.;8575
SARAIVA LIVREIROS S.A. - EM RECUPERAÇÃO JUDICIAL;10472
IGUATEMI S.A.;8672
FIBRIA CELULOSE S.A.;12793
SUZANO HOLDING S.A.;9067
CIA MELHORAMENTOS DE SAO PAULO;3654
FLEURY S.A.;21881
BARDELLA S.A. INDUSTRIAS MECANICAS EM RECUPERAÇÃO JUDICIAL;1520
ITAU UNIBANCO HOLDING S.A.;19348
CONFAB INDUSTRIAL SA;4650
USINAS SID DE MINAS GERAIS S.A.-USIMINAS;14320
CONSTRUTORA ADOLPHO LINDENBERG S.A.;4723
MANGELS INDUSTRIAL S.A.;8397
ROSSI RESIDENCIAL S.A. - EM RECUPERAÇÃO JUDICIAL;16306
NADIR FIGUEIREDO IND E COM S.A.;9040
ALPARGATAS S.A.;10456
MANUFATURA DE BRINQUEDOS ESTRELA S.A.;8427
CAMBUCI S.A.;2100
ETERNIT S.A. - EM RECUPERAÇÃO JUDICIAL;5762
IOCHPE MAXION S.A.;11932
SIDERURGICA J. L. ALIPERTI S.A.;12823
MARISA LOJAS S.A.;22055
AZEVEDO E TRAVASSOS S.A.;11975
BAUMER S.A.;1562
DIAGNOSTICOS DA AMERICA S.A.;19623
ITAÚSA S.A.;7617
PARAMOUNT TEXTEIS INDUSTRIA E COMERCIO S/A;19798
REDE ENERGIA PARTICIPAÇÕES S.A.;3190
BANCO CRUZEIRO DO SUL SA;20753
BCO PINE S.A;20567
CAMARGO CORREA CIMENTOS SA;19631
RNI NEGÓCIOS IMOBILIÁRIOS S.A.;20451
CAMARGO CORREA DESENVOLVIMENTO IMOBILIARIO SA;20486
VIVER INCORPORADORA E CONSTRUTORA S.A.;20702
MINERVA S.A.;20931
ALGAR TELECOM S/A;21032
CONSTRUTORA TENDA S.A.;21148
NATURA COSMETICOS S.A.;19550
CYRELA BRAZIL REALTY S.A.EMPREEND E PART;14460
CIA. IGUAÇU DE CAFÉ SOLÚVEL;3336
CIA PARANAENSE DE ENERGIA - COPEL;14311
COMPANHIA PROVIDENCIA IND E COMERCIO;20974
OI S.A. - EM RECUPERAÇÃO JUDICIAL;11312
INEPAR S.A. INDUSTRIA E CONSTRUCOES EM RECUPERACAO JUDICIAL;7595
CIA CACIQUE CAFE SOLUVEL;2909
CIA HERING;14761
CECRISA REVESTIMENTOS CERAMICOS SA;15610
POSITIVO TECNOLOGIA S.A.;20362
BEMATECH IND COM EQUIP ELETRONICOS SA;20656
TEKA-TECELAGEM KUEHNRICH S.A. - EM RECUPERAÇÃO JUDICIAL;11223
KARSTEN S.A.;4146
CREMER SA;20141
TEXTIL RENAUXVIEW S.A.;7544
PBG S/A;13773
CENTRAIS ELET DE SANTA CATARINA S.A.;2461
CIA DOCAS DE IMBITUBA;3174
WEG S.A.;5410
MARISOL SA;8486
TUPY S.A.;6343
DOHLER S.A.;5207
WETZEL S.A.;11991
SCHULZ S.A.;14664
METISA METALURGICA TIMBOENSE S.A.;8753
POMIFRUTAS S/A EM RECUPERACAO JUDICIAL;19658
JOSAPAR-JOAQUIM OLIVEIRA S.A. - PARTICIP;13285
CIA HABITASUL DE PARTICIPACOES;3298
FRAS-LE S.A.;6211
MUNDIAL S.A. - PRODUTOS DE CONSUMO;5312
MARCOPOLO S.A.;8451
PETTENATI S.A. INDUSTRIA TEXTIL;9539
RANDON S.A. IMPLEMENTOS E PARTICIPACOES;14109
SLC AGRICOLA S.A.;20745
LUPATECH S.A;20060
KLABIN S.A.;12653
CONSTRUTORA SULTEPA S.A. - EM RECUPERAÇÃO JUDICIAL;13030
GRENDENE S.A.;19615
MINUPAR PARTICIPACOES S.A.;13765
BCO SANTANDER (BRASIL) S.A.;20532
RECRUSUL S.A.;12572
ÉVORA SA;13412
KEPLER WEBER S.A.;7870
GRAZZIOTIN S.A.;4537
TREVISA INVESTIMENTOS S.A.;8192
YARA BRASIL FERTILIZANTES;140
DIMED S.A. DISTRIBUIDORA DE MEDICAMENTOS;9342
METALURGICA GERDAU S.A.;8656
PANATLANTICA S.A.;94
LOJAS RENNER S.A.;8133
TAURUS ARMAS S.A.;6173
IRANI PAPEL E EMBALAGEM S.A.;2429
CIA RIOGRANDENSE DE SANEAMENTO;16748
DHB IND E COMERCIO SA;5150
SPRINGER S.A.;10960
DEXCO S.A.;21091
LIGHT ENERGIA S.A.;23000
SINQIA S.A.;22799
SOLVAY INDUPA SAIC;80101
LINX S.A.;23035
ELDORADO BRASIL CELULOSE S.A.;22810
CCX CARVÃO DA COLÔMBIA S.A. - EM LIQUIDAÇÃO;20184
BCO PATAGONIA S.A.;80063
BASEL PARTICIPAÇÕES S/A;21601
BELMONTE PARTICIPAÇÕES SA;21580
ADVANCED DIGITAL HEALTH MEDICINA PREVENTIVA S.A.;21725
VIGOR ALIMENTOS S.A.;22772
TGLT S/A;80136
PPLA PARTICIPATIONS LTD.;80152
BIOSEV S.A.;22845
AR CAPITAL SECURITIES COMPANHIA SECURITIZADORA S.A.;22950
HAGA S.A. INDUSTRIA E COMERCIO;13366
CIMENTO TUPI S.A.;22829
NUTRIPLANT INDUSTRIA E COMERCIO S.A.;21334
RAIA DROGASIL S.A.;5258
NEUMARKT TRADE AND FINANCIAL CENTER S/A;14613
TELEC BRASILEIRAS S.A. TELEBRAS;11258
SER EDUCACIONAL S.A.;23221
AMBEV S.A.;23264
RAIZEN ENERGIA S.A.;23230
IGUA SANEAMENTO S.A.;23175
LOG COMMERCIAL PROPERTIES E PARTICIPAÇÕES;23272
ANIMA HOLDING S.A.;23248
METROPOLIS EMPREENDIMENTOS IMOBILIÁRIOS S/A;22047
CVC BRASIL OPERADORA E AGÊNCIA DE VIAGENS S.A.;23310
BRAZAL BRASIL ALIMENTOS SA;21865
NAOMI PARTICIPAÇÕES S.A.;22667
BELEZA PARTICIPAÇÕES S.A.;22632
JP PARTICIPAÇÕES S.A.;23299
FINPAR PARTICIPAÇÕES S/A;23116
BB SEGURIDADE PARTICIPAÇÕES S.A.;23159
ISEC BRASIL SECURITIZADORA S/A;23337
MGI - MINAS GERAIS PARTICIPAÇÕES S.A.;22942
TECNOSOLO ENGENHARIA S.A. - EMPRESA FALIDA;11207
COMPANHIA DE CRÉDITO FINANCIAMENTO E INVESTIMENTO RCI BRASIL;22993
UNIDAS LOCAÇÕES E SERVIÇOS S.A.;23280
UNICASA INDÚSTRIA DE MÓVEIS S.A.;22780
LIBRA TERMINAL RIO S.A. - EM RECUPERAÇÃO JUDICIAL;23434
BANCO SANTANDER S.A.;80160
CLARO TELECOM PARTICIPAÇÕES S.A.;23531
RJ CAPITAL PARTNERS S.A.;22330
AEGEA SANEAMENTO E PARTICIPAÇÕES S.A.;23396
DOMMO ENERGIA S.A.;23493
SERENA GERAÇÃO S.A.;23426
SMILES S.A.;23140
INTERNATIONAL MEAL COMPANY ALIMENTACAO S.A.;23574
COSAN LOGISTICA S.A.;23485
OURO FINO SAUDE ANIMAL PARTICIPACOES S.A.;23507
COBRASMA S.A.;4448
RUMO LOGÍSTICA OPERADORA MULTIMODAL S.A.;23450
CIA INDUSTRIAL SCHLOSSER S.A.;3549
CIA ESTADUAL DE TRANSMISSÃO DE ENERGIA ELETRICA - CEEE-T;3204
RIO PARANAPANEMA ENERGIA S.A.;18368
FORNO DE MINAS ALIMENTOS S.A.;23736
BS&C EMPREENDIMENTOS E PARTICIPAÇÕES S.A.;23779
PRÁTICA PARTICIPAÇÕES S/A;23728
BR HOME CENTERS S.A.;23710
YOU INC INCORPORADORA E PARTICIPAÇÃO S.A;23604
CBO HOLDING S.A.;23620
MOVIDA PARTICIPACOES SA;23825
CAIXA SEGURIDADE PARTICIPAÇÕES S.A.;23795
QUALITY SOFTWARE S.A.;23302
BRQ SOLUCOES EM INFORMATICA S.A.;23817
WIZ CO PARTICIPAÇÕES E CORRETAGEM DE SEGUROS S.A.;23590
CINESYSTEM S.A.;23965
BRASILIANA PARTICIPAÇÕES S/A;23930
SUGOI S.A.;23957
CONCEBRA - CONCESSIONARIA DAS RODOVIAS CENTRAIS DO BRASIL;23868
INSTITUTO HERMES PARDINI S.A.;24090
VERT COMPANHIA SECURITIZADORA;23990
ALLIANÇA SAÚDE E PARTICIPAÇÕES S.A.;24058
BLUE TECH SOLUTIONS EQI S.A.;12319
BANCO RCI BRASIL S.A.;21466
ATOM EMPREENDIMENTOS E PARTICIPAÇÕES S.A.;15423
SMILES FIDELIDADE S.A.;24252
SMARTFIT ESCOLA DE GINÁSTICA E DANÇA S.A.;24260
VIRGO COMPANHIA DE SECURITIZAÇÃO;20818
AZUL S.A.;24112
FLEX GESTÃO DE RELACIONAMENTOS S.A.-EM RECUPERAÇÃO JUDICIAL;24350
ZAMP SA;24317
PRINER SERVIÇOS INDUSTRIAIS S.A.;24236
BIOTOSCANA INVESTMENTS S.A.;80179
ARGO ENERGIA EMPREENDIMENTOS E PARTICIPAÇÕES S/A;24120
IRB - BRASIL RESSEGUROS S.A.;24180
VIBRA ENERGIA S/A;24295
CAMIL ALIMENTOS S.A.;24228
ATACADÃO S.A.;24171
STARA S.A. - INDÚSTRIA DE IMPLEMENTOS AGRÍCOLAS;24201
BBM LOGÍSTICA S.A.;24660
DASS NORDESTE CALÇADOS E ARTIGOS ESPORTIVOS S.A;24414
SABER SERVIÇOS EDUCACIONAIS S.A.;24490
HAPVIDA PARTICIPAÇÕES E INVESTIMENTOS S.A.;24392
CTC - CENTRO DE TECNOLOGIA CANAVIEIRA S.A.;23981
JHSF MALLS S.A.;24473
PRÁTICA PRODUTOS S.A.;24546
INC EMPREENDIMENTOS IMOBILIÁRIOS S.A.;24279
NOTRE DAME INTERMÉDICA PARTICIPAÇÕES S.A.;24384
BLAU FARMACÊUTICA S.A.;24627
MULTILASER INDUSTRIAL S.A.;902123
BANCO BMG S/A;24600
ELECTRO ACO ALTONA S.A.;5380
LOCALIZA FLEET S.A.;24813
LWSA S/A;24910
LIFEMED INDUSTRIAL DE EQUIP. E ART. MEDICOS E HOSP. S.A;24872
COPEL GERAÇÃO E TRANSMISSÃO S.A.;24740
REDE D'OR SÃO LUIZ S.A.;24821
MITRE REALTY EMPREENDIMENTOS E PARTICIPAÇÕES S.A.;24902
MAESTRO LOCADORA DE VEICULOS S.A.;23612
GRUPO SBF S.A.;24694
BCBF PARTICIPAÇÕES S.A.;24775
VAMOS LOCAÇÃO DE CAMINHÕES, MÁQUINAS E EQUIPAMENTOS S.A.;24716
VENTURE CAPITAL PARTICIPAÇÕES E INVESTIMENTOS S/A;24309
BRK AMBIENTAL PARTICIPAÇÕES S.A.;24830
ENERGISA TRANSMISSÃO DE ENERGIA S/A;24589
CELEO REDES TRANSMISSÃO DE ENERGIA S.A.;24597
NATURA &CO HOLDING S.A.;24783
VIVARA PARTICIPAÇÕES S.A.;24805
UP ENGENHARIA E URBANISMO S.A.;24856
C&A MODAS S.A.;24848
METALURGICA RIOSULENSE S.A.;13439
LM TRANSPORTES INTERESTADUAIS SERVIÇOS E COMÉRCIO S.A.;24880
SEQUOIA LOGÍSTICA E TRANSPORTES S.A.;25160
JALLES MACHADO S.A.;25496
MASSA FALIDA DA MMX MINERACAO E METALICOS S.A.;17914
GRUPO FARTURA DE HORTIFRUT S.A.;26166
SENDAS DISTRIBUIDORA S.A.;25372
SBF COMÉRCIO DE PRODUTOS ESPORTIVOS S.A.;25410
SIMPAR S.A.;25003
AURA MINERALS INC.;80187
2W ECOBANK S.A.;25224
CURY CONSTRUTORA E INCORPORADORA S.A.;25100
CSN MINERAÇÃO S.A.;25585
BEMOBI MOBILE TECH S.A.;25500
ELFA MEDICAMENTOS S.A.;25348
MOSAICO TECNOLOGIA AO CONSUMIDOR S.A.;25470
OCEANPACT SERVIÇOS MARITIMOS S.A.;25534
KALLAS INCORPORAÇÕES E CONSTRUÇÕES S.A.;25798
ELETROMIDIA S.A.;25569
W2W E-COMMERCE DE VINHOS S.A.;25852
NEOGRID PARTICIPAÇÕES S.A.;25399
GRUPO DE MODA SOMA S.A.;25011
URBA DESENVOLVIMENTO URBANO S.A.;25437
ORIZON VALORIZAÇÃO DE RESÍDUOS S.A.;25550
3R PETROLEUM ÓLEO E GÁS S.A.;25291
D1000 VAREJO FARMA PARTICIPAÇÕES S.A.;25046
MELNICK DESENVOLVIMENTO IMOBILIÁRIO S.A.;25119
AERIS IND. E COM. DE EQUIP. PARA GER. DE ENG. S.A.;25283
AMBIPAR PARTICIPAÇÕES E EMPREENDIMENTOS S.A.;24961
MÉLIUZ S.A.;25232
GRANBIO INVESTIMENTOS S.A.;25321
PARANA BCO S.A.;20729
HBR REALTY EMPREENDIMENTOS IMOBILIÁRIOS S.A.;25402
HOUSI S.A.;25313
CVLB BRASIL S.A;25542
ALPHAVILLE S.A.;25275
ENJOEI S.A.;25259
ALLIED TECNOLOGIA S.A.;25330
AGROGALAXY PARTICIPAÇÕES S.A.;25658
COMPASS GÁS E ENERGIA S.A.;25127
PATRIMAR ENGENHARIA S.A.;25305
TRIPLE PLAY BRASIL PARTICIPAÇÕES S.A.;25194
PLANO & PLANO DESENVOLVIMENTO IMOBILIÁRIO S.A.;25070
GRUPO MATEUS S.A.;25186
LAVVI EMPREENDIMENTOS IMOBILIÁRIOS S.A.;25062
MPM CORPÓREOS S.A.;25445
FOCUS ENERGIA HOLDING PARTICIPAÇÕES S.A.;25488
MOBLY S.A.;25461
RAÍZEN S.A.;25917
CS BRASIL PARTICIPAÇÕES E LOCAÇÕES S.A.;25739
EZ INC INCORPORAÇÕES COMERCIAIS S.A.;25380
VITTIA S.A.;25763
TRACK & FIELD CO S.A.;25208
ALLPARK EMPREENDIMENTOS, PARTICIPAÇÕES E SERVIÇOS S.A.;24953
CESP - CIA ENERGETICA DE SAO PAULO;2577
CRUZEIRO DO SUL EDUCACIONAL S.A.;25526
FARMÁCIA E DROGARIA NISSEI S.A.;25429
INTELBRAS S.A. IND. DE TELECOMUNICAÇÃO ELETRÔNICA BRASILEIRA;25453
CPFL TRANSMISSÃO S.A.;3204
PACAEMBU CONSTRUTORA S.A.;25143
LOJAS QUERO QUERO S.A.;25038
CARAMURU ALIMENTOS S.A.;26190
ARMAC LOCAÇÃO, LOGÍSTICA E SERVIÇOS S.A.;26069
LG INFORMÁTICA S.A.;25666
UNIFIQUE TELECOMUNICAÇÕES S.A.;26050
PRODUTORES ENERGET.DE MANSO S.A.- PROMAN;19232
TIM S.A.;24929
PETRORECÔNCAVO S.A.;25780
AMMO VAREJO S.A.;26476
CLEAR SALE S.A.;26093
BIONEXO S.A.;25925
UNIGEL PARTICIPAÇÕES S.A.;26301
INTERPLAYERS SOLUÇÕES INTEGRADAS S.A.;26387
LIVETECH DA BAHIA INDÚSTRIA E COMÉRCIO S.A.;25895
DATORA PARTICIPAÇÕES E SERVIÇOS S.A.;26557
ESSENTIA PCHS S.A.;26158
DESKTOP S.A.;26026
CERRADINHO BIOENERGIA S.A.;26522
GSH CORP PARTICIPAÇÕES S.A.;26603
GUARARAPES PAINÉIS S.A.;26115
GPS PARTICIPAÇÕES E EMPREENDIMENTOS S.A.;25712
YUNY INCORPORADORA HOLDING S.A.;25976
ASA BRANCA HOLDING S.A.;26514
ENVIRONMENTAL ESG PARTICIPAÇÕES S.A.;26271
GETNET ADQ E SERV PARA MEIOS DE PAGTO S.A. - INST PAGTO;26140
BR ADVISORY PARTNERS PARTICIPAÇÕES S.A.;25860
BOA VISTA SERVIÇOS S.A.;25135
ONCOCLÍNICAS DO BRASIL SERVIÇOS MÉDICOS S.A.;26123
CM HOSPITALAR S.A;25682
KORA SAÚDE PARTICIPAÇÕES S.A.;25879
RIVA INCORPORADORA S.A;24996
MADERO INDÚSTRIA E COMÉRCIO S.A.;26379
HOSPITAL MATER DEI S.A.;25690
FULWOOD S.A.;26336
DOTZ S.A.;25836
PET CENTER COMÉRCIO E PARTICIPAÇÕES S.A.;25089
HUMBERG AGRIBRASIL COMÉRCIO E EXPORTAÇÃO DE GRÃOS S.A.;25933
HOLDING DO ARAGUAIA S.A.;26565
EMCCAMP RESIDENCIAL S.A.;25909
BRISANET PARTICIPAÇÕES S.A.;26085
TROCAFONE S.A.;26573
OLIVEIRA TRUST S.A.;26417
SELF IT ACADEMIAS HOLDING S.A.;26794
HOLDING VERZANI E SANDRINI S.A.;26689
NU HOLDINGS LTD.;80209
BLUEFIT ACADEMIAS DE GINÁSTICA E PARTICIPAÇÕES S.A.;26204
HOSPITAL CARE CALEDONIA S.A.;25771
COMERC ENERGIA S.A.;26280
TC S.A.;26077
AUREN ENERGIA S.A.;26620
TEGRA INCORPORADORA S.A.;25844
BANCO MODAL S.A.;25755
ATHENA SAÚDE BRASIL SA;25810
VERO S.A.;26409
ENTALPIA PARTICIPAÇÕES S.A.;26131
WILSON SONS S.A.;26247
AES BRASIL ENERGIA S.A.;25640
MONTE RODOVIAS S.A.;26328
RIO ENERGY PARTICIPAÇÕES S.A.;26298
RIO ALTO ENERGIAS RENOVÁVEIS S.A.;25720
INFRACOMMERCE CXAAS S.A.;25747
CENCOSUD BRASIL COMERCIAL S.A.;26530
TERRA SANTA PROPRIEDADES AGRÍCOLAS S.A.;26000
RODOVIAS DO BRASIL HOLDING S.A.;26352
LUPO S.A.;26506
GRUPO MULTI S.A.;26034
RODOBENS SA;25801
EUROFARMA LABORATÓRIOS S.A.;26700
COMPANHIA BRASILEIRA DE ALUMÍNIO;25984
INTERCEMENT BRASIL S.A.;25992
CLARANET TECHNOLOGY S.A.;26549
ALMEIDA JUNIOR SHOPPING CENTERS S.A.;26395
TIGRE S.A. PARTICIPAÇÕES;26255
CONSERVAS ODERICH S.A.;4693
BCO BRASIL S.A.;1023
BRB BANCO DE BRASILIA S.A.;14206
AES BRASIL OPERAÇÕES S.A.;26174
BANCO INTER S.A.;24406
ELETRORIVER S.A.;26891
V. TAL - REDE NEUTRA DE TELECOMUNICAÇÕES S.A.;27022
CEL PARTICIPAÇÕES S.A. - CELPAR;16675
YBYRÁ CAPITAL S.A.;16705
INEPAR EQUIPAMENTOS E MONTAGENS S/A - EM RECUPERACAO JUDICIA;17868
HOSPITAL ANCHIETA S.A.;26468
TIM BRASIL SERVIÇOS E PARTICIPAÇÕES S.A.;27090
ORIZON MEIO AMBIENTE S.A.;27049
EMPREENDIMENTOS PAGUE MENOS S.A.;22608
FOZ DO RIO CLARO ENERGIA S.A.;26697
REAG INVESTIMENTOS S.A.;26964
BOA SAFRA SEMENTES S.A.;25704
SAFIRA HOLDING S.A.;27138
XP INVESTIMENTOS S.A.;27111
BCO MERCANTIL DO BRASIL S.A.;1325
TECIDOS E ARMARINHOS MIGUEL BARTOLOMEU S.A.;26760
CHINA THREE GORGES BRASIL ENERGIA S.A.;27103
VITRU BRASIL EMPREENDIMENTOS, PARTICIPAÇÕES E COMÉRCIO S.A.;27057
CREDGRID SERVIÇOS FINANCEIROS S.A.;26972
ALMACENES ÉXITO S.A.;80225
BANESTES S.A. - BCO EST ESPIRITO SANTO;1155
OCEÂNICA ENGENHARIA E CONSULTORIA S.A.;26956
ANEMUS WIND HOLDING S.A.;26832
AMAZONE FUN PARKS S.A.;26930
COMPANHIA ESTADUAL DE GERAÇÃO DE ENERGIA ELÉTRICA - CEEE-G;27154
HMOBI PARTICIPAÇÕES S.A.;25674
SOLVI ESSENCIS AMBIENTAL S.A.;27073
RIO ALTO STL HOLDING I S.A.;27006
SOLAR BEBIDAS S.A.;27014
CANTU STORE S.A.;26646
SERENA ENERGIA S.A.;26441
INTER & CO, INC.;80217
BCO PAN S.A.;21199
UNIÃO QUÍMICA FARMACÊUTICA NACIONAL S.A.;26867
BCO BRADESCO S.A.;906
BCO DAYCOVAL S.A.;20796
SENIOR SISTEMAS S.A.;26786
BORRACHAS VIPAL S.A.;26980
BCO ESTADO DO RIO GRANDE DO SUL S.A.;1210
TRÊS TENTOS AGROINDUSTRIAL S/A;25950
LETS RENT A CAR S/A;27383
VOTORANTIM CIMENTOS S.A.;27189
BRZ EMPREENDIMENTOS E CONSTRUÇÕES S.A.;27391
AGASUS S.A.;27324
LIGGA TELECOMUNICAÇÕES S.A.;27367
ALUBAR METAIS E CABOS S.A.;27430
BRASIL BIOFUELS S.A.;27375
GETNINJAS S.A.;25887
CORREDOR LOGÍSTICA E INFRAESTRUTURA S.A.;27260
FINANCEIRA ALFA S.A.- CRED FINANC E INVS;3891
CONSTRUTORA METROCASA S.A.;27340
ORIGEM ENERGIA S.A.;27227
HÉLIO VALGAS SOLAR PARTICIPAÇÕES S.A.;27332
INSPIRALI EDUCAÇÃO S.A.;27251
AUTOMOB S.A.;27413
CLI SUL S.A.;27243
UNIDAS LOCADORA S.A.;27162
BCO ALFA DE INVESTIMENTO S.A.;1384
GRANJA FARIA S.A.;27219
CENTRAIS ELÉTRICAS DO NORTE DO BRASIL S.A.;27472
CSU DIGITAL S.A.;20044
CIA DE GER. E TRANS. DE ENERGIA ELÉTRICA DO SUL DO BRASIL;27480
VITAL ENGENHARIA AMBIENTAL S.A.;27510
GIGA MAIS FIBRA TELECOMUNICAÇÕES S.A.;27502
TURBI COMPARTILHAMENTO DE VEÍCULOS S.A.;27197
BRASIL TECNOLOGIA E PARTICIPAÇÕES S.A.;27499
DESCARBONIZE SOLUÇÕES S.A.;27278
